{
  "ActivityLogText": {
    "VC_SHARED": "shared",
    "VC_RECEIVED": "received",
    "VC_DELETED": "deleted",
    "VC_DOWNLOADED": "downloaded",
    "VC_REVOKED": "revoked",
    "VC_SHARED_WITH_VERIFICATION_CONSENT": "shared. Consent is given for presence verification",
    "VC_RECEIVED_WITH_PRESENCE_VERIFIED": "received. Presence verified",
    "VC_RECEIVED_BUT_PRESENCE_VERIFICATION_FAILED": "received. Presence verification failed",
    "PRESENCE_VERIFIED_AND_VC_SHARED": "verified and shared",
    "PRESENCE_VERIFICATION_FAILED": "verification failed"
  },
  "DeviceInfoList": {
    "requestedBy": "Requested by",
    "sentBy": "Sent by",
    "deviceRefNumber": "Device reference number",
    "name": "Name"
  },
  "FaceScanner": {},
  "OIDcAuth": {
    "title": "OIDC Authentication",
    "text": "To be replaced with the OIDC provider UI",
    "verify": "Verify"
  },
  "PasscodeVerify": {
    "passcodeMismatchError": "Passcode did not match."
  },
  "QrScanner": {
    "missingPermissionText": "This app uses the camera to scan the QR code of another device.",
    "allowCameraButton": "Allow access to camera"
  },
  "VcDetails": {
    "generatedOn": "Generated on",
    "status": "Status",
    "valid": "Valid",
    "photo": "Photo",
    "fullName": "Full name",
    "gender": "Gender",
    "dateOfBirth": "Date of birth",
    "phoneNumber": "Phone number",
    "email": "Email",
    "address": "Address",
    "reasonForSharing": "Reason for sharing",
    "idType": "ID type",
    "id": "Id",
    "nationalCard": "National Card",
    "uin": "UIN",
    "vid": "VID"
  },
  "AuthScreen": {
    "header": "Would you like to use biometrics to unlock the application?",
    "useBiometrics": "Use biometrics",
    "usePasscode": "I'd rather use a passcode",
    "errors": {
      "unavailable": "Device does not support Biometrics",
      "unenrolled": "To use Biometrics, please enroll your fingerprint in your device settings",
      "failed": "Failed to authenticate with Biometrics",
      "generic": "There seems to be an error in Biometrics authentication"
    }
  },
  "BiometricScreen": {
    "unlock": "Unlock with biometrics"
  },
  "HistoryTab": {
    "noHistory": "No history available yet",
    "downloaded": "downloaded",
    "shared": "shared",
    "received": "received",
    "deleted": "deleted"
  },
  "HomeScreen": {
    "myVcsTab": "My\n{{vcLabel}}",
    "receivedVcsTab": "Received\n{{vcLabel}}",
    "historyTab": "History"
  },
  "AddVcModal": {
    "requestingCredential": "Requesting credential...",
    "errors": {
      "input": {
        "empty": "The input cannot be empty",
        "invalidFormat": "The input format is incorrect"
      },
      "backend": {
        "invalidOtp": "OTP is invalid",
        "invalidUin": "UIN invalid",
        "invalidVid": "VID invalid",
        "missingUin": "UIN not available in database",
        "missingVid": "VID not available in database"
      }
    }
  },
  "DownloadingVcModal": {
    "header": "Downloading your {{vcLabel}}",
    "bodyText": "This may take some time, we will notify you when your {{vcLabel}} has been downloaded and is available",
    "backButton": "Back home"
  },
  "GetIdInputModal": {
    "header": "To retrieve your UIN or VID, enter your Application {{vcLabel}} number",
    "getUIN": "Get UIN/VID",
    "applicationId": "Application {{vcLabel}} number",
    "requestingOTP": "Requesting OTP...",
    "qstnMarkToolTip": "Application {{vcLabel}} Number is printed on the acknowledgment provided after enrollment"
  },
  "IdInputModal": {
    "header": "Enter the MOSIP-provided UIN or VID of the {{vcLabel}} you wish to retrieve",
    "generateVc": "Generate {{vcLabel}}",
    "enterId": "Enter your {{idType}}",
    "noUIN/VID": "Don't have your UIN/VID? Get it here",
    "requestingOTP": "Requesting OTP..."
  },
  "OtpVerificationModal": {
    "enterOtp": "Enter the 6-digit verification code we sent you"
  },
  "MyVcsTab": {
    "addVcButton": "Add {{vcLabel}}",
    "generateVc": "Generate your {{vcLabel}}",
    "generateVcDescription": "Tap on \"Add {{vcLabel}}\" below to download your {{vcLabel}}"
  },
  "OnboardingOverlay": {
    "stepOneTitle": "Welcome!",
    "stepOneText": "Keep your digital credential with you at all times. To get started, add {{vcLabel}} to your profile.",
    "stepTwoTitle": "{{vcLabel}} management",
    "stepTwoText": "Once generated, {{vcLabel}} are safely stored on your mobile and can be renamed or shared at any time.",
    "stepThreeTitle": "Easy sharing",
    "stepThreeText": "Share and receive {{vcLabel}} switfly using your phone camera to scan QR codes.",
    "stepThreeButton": "Get started and add {{vcLabel}}"
  },
  "ReceivedVcsTab": {
    "noReceivedVcsTitle": "No {{vcLabel}} available yet",
    "noReceivedVcsText": "Tap on Request below to receive {{vcLabel}}"
  },
  "ViewVcModal": {
    "cancel": "Cancel",
    "lock": "Lock",
    "unlock": "Unlock",
    "rename": "Rename",
    "delete": "Delete",
    "revoke": "Revoke",
    "revoking": "Your wallet contains a credential with VID {{vid}}. Revoking this will automatically remove the same from the wallet. Are you sure you want to proceed?",
    "requestingOtp": "Requesting OTP...",
    "editTag": "Rename",
    "redirecting": "Redirecting...",
    "success": {
      "unlocked": "{{vcLabel}} successfully unlocked",
      "locked": "{{vcLabel}} successfully locked",
      "revoked": "VID {{vid}} has been revoked. Any credential containing the same will be removed automatically from the wallet"
    }
  },
  "MainLayout": {
    "home": "Home",
    "scan": "Scan",
    "request": "Request",
    "profile": "Profile"
  },
  "PasscodeScreen": {
    "header": "Set a passcode to secure your application",
    "confirmPasscode": "Confirm your passcode",
    "enterPasscode": "Enter your passcode"
  },
  "Credits": {
    "header": "Credits and legal notices",
    "back": "Back"
  },
  "ProfileScreen": {
    "name": "Name",
    "vcLabel": "VC Label",
    "language": "Language",
    "bioUnlock": "Biometric unlock",
    "authFactorUnlock": "Unlock auth factor",
    "credits": "Credits and legal notices",
    "logout": "Log-out",
    "revokeLabel": "Revoke VID",
    "revokeHeader": "REVOKE VID",
    "revokingVids": "You are about to revoke ({{count}}) VIDs.",
    "revokingVidsAfter": "This means you will no longer be able to use or view any of the IDs linked to those VID(s). \nAre you sure you want to proceed?",
    "empty": "Empty",
    "revokeSuccessful": "VID successfully revoked",
    "version": "Version"
  },
  "ReceiveVcScreen": {
    "header": "{{vcLabel}} details",
    "acceptRequest": "Accept request and receive {{vcLabel}}",
    "acceptRequestAndVerify": "Accept request and verify",
    "reject": "Reject"
  },
  "RequestScreen": {
    "bluetoothDenied": "Please enable Bluetooth to be able to request {{vcLabel}}",
    "showQrCode": "Show this QR code to request {{vcLabel}}",
    "incomingVc": "Incoming {{vcLabel}}",
    "request": "Request",
    "status": {
      "accepted": {
        "title": "Success!",
        "message": "{{vcLabel}} has been successfully received from {{sender}}"
      },
      "rejected": {
        "title": "Notice",
        "message": "You rejected {{sender}}'s {{vcLabel}}"
      },
      "disconnected": {
        "title": "Disconnected",
        "message": "The connection was interrupted. Please try again."
      },
      "waitingConnection": "Waiting for connection...",
      "exchangingDeviceInfo": {
        "message": "Exchanging device info...",
        "timeoutHint": "It's taking too long to exchange device info..."
      },
      "connected": {
        "message": "Connected to device. Waiting for {{vcLabel}}...",
        "timeoutHint": "No data received yet. Is sending device still connected?"
      }
    },
    "online": "Online",
    "offline": "Offline",
    "gotoSettings": "Go to settings"
  },
  "ScanScreen": {
    "header": "Scan QR Code",
    "noShareableVcs": "No shareable {{vcLabel}} are available.",
    "sharingVc": "Sharing {{vcLabel}}",
    "errors": {
      "locationDisabled": {
        "message": "Location services must be enabled for the scanning functionality",
        "button": "Enable location services"
      },
      "locationDenied": {
        "message": "Location permission is required for the scanning functionality",
        "button": "Allow access to location"
      }
    },
    "status": {
      "connecting": "Connecting...",
      "connectingTimeout": "It's taking a while to establish connection. Is the other device open for connections?",
      "exchangingDeviceInfo": "Exchanging device info...",
      "exchangingDeviceInfoTimeout": "It's taking a while to exchange device info. You may have to reconnect.",
      "invalid": "Invalid QR Code"
    }
  },
  "SelectVcOverlay": {
    "header": "Share {{vcLabel}}",
    "chooseVc": "Choose the {{vcLabel}} you'd like to share with",
    "share": "Share",
    "verifyAndShare": "Verify Identity & Share"
  },
  "SendVcScreen": {
    "reasonForSharing": "Reason for sharing (optional)",
    "acceptRequest": "Accept request and choose {{vcLabel}}",
    "acceptRequestAndVerify": "Accept request and verify",
    "reject": "Reject",
    "status": {
      "sharing": {
        "title": "Sharing...",
        "hint": "Please wait for the receiving device to accept or reject the share.",
        "timeoutHint": "It's taking longer than expected to share. There could be a problem with the connection."
      },
      "accepted": {
        "title": "Success!",
        "message": "Your {{vcLabel}} has been successfully shared with {{receiver}}"
      },
      "rejected": {
        "title": "Notice",
        "message": "Your {{vcLabel}} was rejected by {{receiver}}"
      }
    },
    "consentToPhotoVerification": "I give consent to have my photo taken for authentication"
  },
  "VerifyIdentityOverlay": {
    "status": {
      "verifyingIdentity": "Verifying identity..."
    },
    "errors": {
      "invalidIdentity": {
        "title": "Unable to verify identity",
        "message": "An error occured and we couldn't scan your portrait. Try again, make sure your face is visible, devoid of any accessories.",
        "messageNoRetry": "An error occured and we couldn't scan your portrait."
      }
    }
  },
  "WelcomeScreen": {
    "title": "Open Source Identity Solution",
    "getStarted": "Get started",
    "unlockApp": "Unlock application"
  },
  "common": {
    "cancel": "Cancel",
    "save": "Save",
    "dismiss": "Dismiss",
    "editLabel": "Edit {{label}}",
    "tryAgain": "Try again",
    "camera": {
      "errors": {
        "missingPermission": "This app uses the camera to scan the QR code of another device."
      },
      "allowAccess": "Allow access to camera"
    }
  }
}