{
  "DeviceInfoList": {
    "requestedBy": "Hiniling ni",
    "sentBy": "Ipinadala ni",
    "deviceRefNumber": "Reference number ng device",
    "name": "Pangalan"
  },
  "FaceScanner": {},
  "OIDcAuth": {
    "title": "OIDC Authentication",
    "text": "Papalitan ng OIDC service provider UI",
    "verify": "I-verify"
  },
  "PasscodeVerify": {
    "passcodeMismatchError": "Hindi tumugma ang passcode."
  },
  "QrScanner": {
    "missingPermissionText": "Ginagamit ng app na ito ang camera upang i-scan ng QR code ng ibang device.",
    "allowCameraButton": "Payagan gamitin ang camera"
  },
  "VcDetails": {
    "generatedOn": "Nilikha noong",
    "status": "Katayuan",
    "valid": "Napatunayan",
    "photo": "Larawan",
    "fullName": "Buong pangalan",
    "gender": "Kasarian",
    "dateOfBirth": "Araw ng kapanganakan",
    "phoneNumber": "Numero ng telepono",
    "email": "Email",
    "address": "Tirahan",
    "reasonForSharing": "Dahilan ng pagbabahagi",
    "idType": "Uri ng ID",
    "nationalCard": "Pambansang Kard",
    "uin": "UIN"
  },
  "AuthScreen": {
    "header": "Gusto mo bang gumamit ng biometrics upang i-unlock ang aplikasyon?",
    "useBiometrics": "Gamitin ang biometrics",
    "usePasscode": "Gumamit na lang ng passcode",
    "errors": {
      "unavailable": "Hindi sinusuportahan ng device ang Biometrics",
      "unenrolled": "Upang magamit ang Biometrics, mangyaring i-enroll ang iyong fingerprint sa mga setting ng iyong device",
      "failed": "Nabigong mag-authenticate gamit ang Biometrics",
      "generic": "May problema sa Biometrics authentication"
    }
  },
  "BiometricScreen": {
    "unlock": "I-unlock gamit ang biometrics"
  },
  "HistoryTab": {
    "noHistory": "Wala pang kasaysayan",
    "downloaded": "nakuha",
    "shared": "ibinahagi",
    "received": "natanggap",
    "deleted": "tinanggal"
  },
  "HomeScreen": {
    "myVcsTab": "Aking\n{{vcLabel}}",
    "receivedVcsTab": "Nakuhang\n{{vcLabel}}",
    "historyTab": "Pangyayari"
  },
  "AddVcModal": {
    "requestingCredential": "Humihiling ng kredensyal...",
    "errors": {
      "input": {
        "empty": "Hindi maaaring walang laman ang input",
        "invalidFormat": "Hindi tama ang format ng input"
      },
      "backend": {
        "invalidOtp": "Di-wasto ang OTP",
        "invalidUin": "Di-wastong UIN",
        "invalidVid": "Di-wastong VID",
        "missingUin": "Hindi mahanap ang iyong UIN",
        "missingVid": "Hindi mahanap ang iyong VID"
      }
    }
  },
  "DownloadingVcModal": {
    "header": "Kinukuha ang iyong {{vcLabel}}",
    "bodyText": "Maaaring tumagal ito ng ilang oras, ipapaalam namin sayo kung pwede na kunin ang iyong {{vcLabel}}",
    "backButton": "Bumalik"
  },
  "IdInputModal": {
    "header": "Ilagay ang UIN o VID na ibinigay ng MOSIP upang matanggap ang iyong {{vcLabel}}",
    "generateVc": "Gumawa ng {{vcLabel}}",
    "enterId": "Ilagay ang iyong {{idType}}"
  },
  "OtpVerificationModal": {
    "enterOtp": "Ilagay ang 6 na numerong verification code na ipinadala namin sayo"
  },
  "MyVcsTab": {
    "addVcButton": "Magdagdag ng {{vcLabel}}",
    "generateVc": "Gumawa ng iyong {{vcLabel}}",
    "generateVcDescription": "Pindutin ang \"Magdagdag ng {{vcLabel}}\" sa ibaba upang makuha ang iyong {{vcLabel}}"
  },
  "OnboardingOverlay": {
    "stepOneTitle": "Mabuhay!",
    "stepOneText": "Panatilihing pribado ang iyong digital na kredensyal sa lahat ng pagkakataon. Upang makapagsimula, magdagdag ng {{vcLabel}} sa iyong profile.",
    "stepTwoTitle": "Pamamahala ng {{vcLabel}}",
    "stepTwoText": "Kapag nalikha na ang {{vcLabel}}, ito ay ligtas na nakatago sa iyong mobile at maaaring palitan ang pangalan o ibahagi anumang oras.",
    "stepThreeTitle": "Madaling pagbabahagi",
    "stepThreeText": "Ibahagi at tumanggap ng {{vcLabel}} nang mabilis gamit ang camera ng iyong mobile upang mag-scan ng mga QR code.",
    "stepThreeButton": "Magsimula at magdagdag ng {{vcLabel}}"
  },
  "ReceivedVcsTab": {
    "noReceivedVcsTitle": "Wala pang {{vcLabel}}",
    "noReceivedVcsText": "Pindutin ang Humiling sa ibaba para makatanggap ng {{vcLabel}}"
  },
  "ViewVcModal": {
    "cancel": "Kanselahin",
    "lock": "Isara ang paggamit",
    "unlock": "Buksan ang paggamit",
    "rename": "Palitan ang pangalan",
    "delete": "Tanggalin",
    "revoke": "Bawiin",
    "revoking": "Ang iyong wallet ay naglalaman ng kredensyal na may VID {{vid}}. Ang pagkansela nito ay awtomatikong mag-aalis ng pareho sa wallet. Sigurado ka bang gusto mong magpatuloy?",
    "requestingOtp": "Humihiling ng OTP...",
    "editTag": "Palitan ang pangalan",
    "redirecting": "Redirecting...",
    "success": {
      "unlocked": "Ang {{vcLabel}} ay matagumpay na na-unlock",
      "locked": "Ang {{vcLabel}} ay matagumpay na na-lock",
      "revoked": "Ang VID {{vid}} ay nakansela. Ang lahat ng mga detalye na naglalaman ng pareho ay awtomatikong aalisin wallet."
    }
  },
  "MainLayout": {
    "home": "Home",
    "scan": "Scan",
    "request": "Request",
    "profile": "Profile"
  },
  "PasscodeScreen": {
    "header": "Magtakda ng passcode upang masigurado ang iyong aplikasyon",
    "confirmPasscode": "Kumpirmahin ang iyong passcode",
    "enterPasscode": "Ilagay ang iyong passcode"
  },
  "Credits": {
    "header": "Mga kredito at legal na abiso",
    "back": "Bumalik"
  },
  "ProfileScreen": {
    "name": "Pangalan",
    "vcLabel": "Panawag sa VC",
    "language": "Wika",
    "bioUnlock": "Pagbukas gamit Biometric",
    "authFactorUnlock": "Pagbukas ng auth factor",
    "credits": "Mga kredito at legal na abiso",
    "logout": "Mag log-out",
    "revokeLabel": "Kanselahin ang VID",
    "revokeHeader": "KANSELAHIN ANG VID",
    "revokingVids": "Kakanselahin mo na ang ({{count}}) na mga VID.",
    "revokingVidsAfter": "Nangangahulugan ito na hindi mo na maa-access o matitingnan ang anumang mga ID na naka-link sa mga VID na ito. Sigurado ka bang gusto mong magpatuloy?",
    "empty": "Walang laman",
    "revokeSuccessful": "Matagumpay na nakansela ang VID",
    "version": "Bersyon"
  },
  "ReceiveVcScreen": {
    "header": "Mga detalye ng {{vcLabel}}",
    "acceptRequest": "Tanggapin ang kahilingan at tumanggap ng {{vcLabel}}",
    "acceptRequestAndVerify": "Tanggapin ang kahilingan at i-verify",
    "reject": "Tanggihan"
  },
  "RequestScreen": {
    "bluetoothDenied": "Mangyaring paganahin ang Bluetooth upang makahiling ng {{vcLabel}}",
    "showQrCode": "Ipakita ang QR code na ito para makahiling ng {{vcLabel}}",
    "incomingVc": "Padating na {{vcLabel}}",
    "request": "Hilingin",
    "status": {
      "accepted": {
        "title": "Tagumpay!",
        "message": "Tagumpay na nakuha ang {{vcLabel}} mula kay {{sender}}"
      },
      "rejected": {
        "title": "Paunawa",
        "message": "Tinanggihan mo ang {{vcLabel}} ni {{sender}}"
      },
      "disconnected": {
        "title": "Nadiskonekta",
        "message": "Naputol ang koneksyon. Pakiulit."
      },
      "waitingConnection": "Naghihintay ng koneksyon...",
      "exchangingDeviceInfo": {
        "message": "Pagpapalitan ng impormasyon ng device...",
        "timeoutHint": "Masyadong matagal ang pagpapalitan ng impormasyon ng device..."
      },
      "connected": {
        "message": "Nakakonektang device. Naghihintay para sa {{vcLabel}}...",
        "timeoutHint": "Wala pang data na natanggap. Nakakonekta pa rin ba ang nagpapadala na device?"
      }
    },
    "online": "Online",
    "offline": "Offline",
    "gotoSettings": "Pumunta sa setting"
  },
  "ScanScreen": {
    "header": "I-scan ang QR Code",
    "noShareableVcs": "Walang magagamit na maibabahaging {{vcLabel}}.",
    "sharingVc": "Pagbabahagi ng {{vcLabel}}",
    "errors": {
      "locationDisabled": {
        "message": "Dapat na nakabukas ang Location services ng iyong mobile para maaaring makapag-scan",
        "button": "Buksan ang location services"
      },
      "locationDenied": {
        "message": "Kinakailangan ang pahintulot sa lokasyon ng iyong mobile para maaaring makapag-scan",
        "button": "Payagan ng pahintulot sa lokasyon"
      }
    },
    "status": {
      "connecting": "Kumokonekta...",
      "connectingTimeout": "Medyo nagtatagal bago magtatag ng koneksyon. Bukas ba ang ibang device para sa mga koneksyon?",
      "exchangingDeviceInfo": "Nagpapalitan ng impormasyon ng device...",
      "exchangingDeviceInfoTimeout": "Medyo nagtatagal ang paglabas ng impormasyon ng device. Bukas ba ang ibang device para sa mga koneksyon?",
      "invalid": "Di-wasto ang QR Code"
    }
  },
  "SelectVcOverlay": {
    "header": "Ibahagi ang {{vcLabel}}",
    "chooseVc": "Piliin ang {{vcLabel}} na gusto mong ibahagi",
    "share": "Ibahagi",
    "verifyAndShare": "I-verify ang Pagkakakilanlan at Ibahagi"
  },
  "SendVcScreen": {
    "reasonForSharing": "Dahilan ng pagbabahagi (opsyonal)",
    "acceptRequest": "Tanggapin ang kahilingan at piliin ang {{vcLabel}}",
    "acceptRequestAndVerify": "Tanggapin ang kahilingan at magpatunay",
    "reject": "Tanggihan",
    "status": {
      "sharing": {
        "title": "Pagbabahagi",
        "timeoutHint": "May katagalan ang pagbabahagi. Maaaring may problema sa koneksyon."
      },
      "accepted": {
        "title": "Tagumpay!",
        "message": "Ang iyong {{vcLabel}} ay matagumpay na naibahagi kay {{receiver}}"
      },
      "rejected": {
        "title": "Pansinin",
        "message": "Ang iyong {{vcLabel}} ay tinanggihan ng {{receiver}}"
      }
    },
    "consentToPhotoVerification": "Nagbibigay ako ng pahintulot na kunin ang aking larawan para sa pagpapatunay"
  },
  "VerifyIdentityOverlay": {
    "status": {
      "verifyingIdentity": "Bine-verify ang pagkakakilanlan..."
    },
    "errors": {
      "invalidIdentity": {
        "title": "Hindi ma-verify ang pagkakakilanlan",
        "message": "May naganap na error at hindi namin ma-scan ang iyong larawan. Subukang muli, tiyaking nakikita ang iyong mukha, walang anumang mga aksesorya."
      }
    }
  },
  "WelcomeScreen": {
    "title": "Open Source Identity Solution",
    "getStarted": "Magsimula",
    "unlockApp": "Buksan ang aplikasyon"
  },
  "common": {
    "cancel": "Kanselahin",
    "save": "I-save",
    "editLabel": "Palitan ang {{label}}",
    "tryAgain": "Subukan muli",
    "camera": {
      "errors": {
        "missingPermission": "Ginagamit ng app na ito ang camera upang i-scan ang QR code ng isa pang device."
      },
      "allowAccess": "Payagan ang access sa camera"
    }
  }
}