{
    "DeviceInfoList": {
      "requestedBy": "கோரியவர்",
      "sentBy": "அனுப்பியவர்",
      "deviceRefNumber": "சாதன குறிப்பு எண்",
      "name": "பெயர்"
    },
    "PasscodeVerify": {
      "passcodeMismatchError": "கடவுக்குறியீடு பொருந்தவில்லை."
    },
    "QrScanner": {
      "missingPermissionText": "இந்தப் பயன்பாடு மற்றொரு சாதனத்தின் QR குறியீட்டை ஸ்கேன் செய்ய கேமராவைப் பயன்படுத்துகிறது.",
      "allowCameraButton": "கேமராவை அணுக அனுமதி"
    },
    "VcDetails": {
      "generatedOn": "உருவாக்கப்பட்டது",
      "status": "நிலை",
      "valid": "செல்லுபடியாகும்",
      "photo": "புகைப்படம்",
      "fullName": "முழு பெயர்",
      "gender": "பாலினம்",
      "dateOfBirth": "பிறந்த தேதி",
      "phoneNumber": "தொலைபேசி எண்",
      "email": "மின்னஞ்சல்",
      "address": "முகவரி",
      "reasonForSharing": "பகிர்வதற்கான காரணம்"
    },
    "AuthScreen": {
      "header": "பயன்பாட்டைத் திறக்க பயோமெட்ரிக்ஸைப் பயன்படுத்த விரும்புகிறீர்களா?",
      "useBiometrics": "பயோமெட்ரிக்ஸைப் பயன்படுத்து",
      "usePasscode": "நான் கடவுக்குறியீட்டைப் பயன்படுத்த விரும்புகிறேன்",
      "errors": {
        "unavailable": "சாதனம் பயோமெட்ரிக்ஸை ஆதரிக்காது",
        "unenrolled": "பயோமெட்ரிக்ஸைப் பயன்படுத்த, உங்கள் சாதன அமைப்புகளில் உங்கள் கைரேகையைப் பதிவு செய்யவும்",
        "failed": "பயோமெட்ரிக்ஸ் மூலம் அங்கீகரிக்க முடியவில்லை",
        "generic": "பயோமெட்ரிக்ஸ் அங்கீகாரத்தில் பிழை இருப்பதாகத் தெரிகிறது"
      }
    },
    "BiometricScreen": {
      "unlock": "கைரேகை மூலம் திற"
    },
    "HistoryTab": {
      "noHistory": "இன்னும் வரலாறு கிடைக்கவில்லை",
      "downloaded": "பதிவிறக்கம்",
      "shared": "பகிரப்பட்டது",
      "received": "பெறப்பட்டது",
      "deleted": "நீக்கப்பட்டது"
    },
    "HomeScreen": {
      "myVcsTab": "எனது\n{{vcLabel}}",
      "receivedVcsTab": "பெறப்பட்டது\n{{vcLabel}}",
      "historyTab": "வரலாறு"
    },
    "AddVcModal": {
      "requestingCredential": "நற்சான்றிதழைக் கோருகிறது...",
      "errors": {
        "input": {
          "empty": "உள்ளீடு காலியாக இருக்க முடியாது",
          "invalidFormat": "உள்ளீட்டு வடிவம் தவறானது"
        },
        "backend": {
          "invalidOtp": "OTP தவறானது",
          "invalidUin": "UIN தவறானது",
          "invalidVid": "VID தவறானது",
          "missingUin": "UIN தரவுத்தளத்தில் இல்லை",
          "missingVid": "VID தரவுத்தளத்தில் இல்லை"
        }
      }
    },
    "DownloadingVcModal": {
      "header": "உங்கள் {{vcLabel}}ஐப் பதிவிறக்குகிறது",
      "bodyText": "இதற்கு சிறிது நேரம் ஆகலாம், உங்கள் {{vcLabel}} பதிவிறக்கம் செய்யப்பட்டு கிடைக்கும்போது உங்களுக்கு அறிவிப்போம்",
      "backButton": "பேக் ஹோம்"
    },
    "IdInputModal": {
      "header": "நீங்கள் மீட்டெடுக்க விரும்பும் {{vcLabel}} இன் MOSIP வழங்கிய UIN அல்லது VID ஐ உள்ளிடவும்",
      "generateVc": "உருவாக்கு {{vcLabel}}",
      "enterId": "உங்கள் {{idType}}ஐ உள்ளிடவும்"
    },
    "OtpVerificationModal": {
      "enterOtp": "நாங்கள் உங்களுக்கு அனுப்பிய 6 இலக்க சரிபார்ப்புக் குறியீட்டை உள்ளிடவும்"
    },
    "MyVcsTab": {
      "addVcButton": "{{vcLabel}}சேர்",
      "generateVc": "உங்கள் {{vcLabel}}ஐ உருவாக்கவும்",
      "generateVcDescription": "உங்கள் \"சேர் {{vcLabel}}\" என்பதைத் தட்டவும் {{vcLabel}}"
    },
    "OnboardingOverlay": {
      "stepOneTitle": "வரவேற்கிறேன்!",
      "stepOneText": "உங்கள் டிஜிட்டல் நற்சான்றிதழை எப்போதும் உங்களுடன் வைத்திருக்கவும். தொடங்குவதற்கு, உங்கள் சுயவிவரத்தில் {{vcLabel}}ஐச் சேர்க்கவும்.",
      "stepTwoTitle": "{{vcLabel}} மேலாண்மை",
      "stepTwoText": "உருவாக்கப்பட்டவுடன், {{vcLabel}} உங்கள் மொபைலில் பாதுகாப்பாகச் சேமிக்கப்பட்டு, எந்த நேரத்திலும் மறுபெயரிடலாம் அல்லது பகிரலாம்.",
      "stepThreeTitle": "எளிதான பகிர்வு",
      "stepThreeText": "QR குறியீடுகளை ஸ்கேன் செய்ய உங்கள் ஃபோன் கேமராவைப் பயன்படுத்தி {{vcLabel}} switflyயைப் பகிரவும் மற்றும் பெறவும்.",
      "stepThreeButton": "தொடங்கவும் {{vcLabel}}ஐச் சேர்க்கவும்"
    },
    "ReceivedVcsTab": {
      "noReceivedVcsTitle": "இன்னும் {{vcLabel}} கிடைக்கவில்லை",
      "noReceivedVcsText": "{{vcLabel}} பெறுவதற்கு கீழே உள்ள கோரிக்கையைத் தட்டவும்"
    },
    "ViewVcModal": {
      "lock": "பூட்டு",
      "unlock": "திறத்தல்",
      "rename": "மறுபெயரிடு",
      "delete": "நீக்கு",
      "revoke": "திரும்பப்பெறு",
      "requestingOtp": "ஓடிபியைக் கோருகிறது...",
      "editTag": "திருத்து குறி"
    },
    "MainLayout": {
      "home": "வீடு",
      "scan": "ஸ்கேன்",
      "request": "கோரிக்கை",
      "profile": "சுயவிவரம்"
    },
    "PasscodeScreen": {
      "header": "உங்கள் விண்ணப்பத்தைப் பாதுகாக்க கடவுக்குறியீட்டை அமைக்கவும்",
      "confirmPasscode": "உங்கள் கடவுக்குறியீட்டை உறுதிப்படுத்தவும்",
      "enterPasscode": "உங்கள் கடவுக்குறியீட்டை உள்ளிடவும்"
    },
    "Credits": {
      "header": "வரவுகள் மற்றும் சட்ட அறிவிப்புகள்",
      "back": "பின்"
    },
    "ProfileScreen": {
      "name": "பெயர்",
      "vcLabel": "VC லேபிள்",
      "language": "மொழி",
      "bioUnlock": "பயோமெட்ரிக் அன்லாக்",
      "authFactorUnlock": "அங்கீகார காரணியைத் திற",
      "credits": "வரவுகள் மற்றும் சட்ட அறிவிப்புகள்",
      "logout": "வெளியேறு"
    },
    "ReceiveVcModal": {
      "header": "{{vcLabel}} விவரங்கள்",
      "acceptRequest": "கோரிக்கையை ஏற்று {{vcLabel}}ஐப் பெறு",
      "reject": "நிராகரி"
    },
    "RequestScreen": {
      "bluetoothDenied": "{{vcLabel}}ஐக் கோர புளூடூத்தை இயக்கவும்",
      "showQrCode": "{{vcLabel}}ஐக் கோர இந்த QR குறியீட்டைக் காட்டு",
      "incomingVc": "உள்வரும் {{vcLabel}}",
      "status": {
        "accepted": {
          "title": "வெற்றி!",
          "message": "{{vcLabel}} ஆனது {{sender}} இடமிருந்து வெற்றிகரமாகப் பெறப்பட்டது"
        },
        "rejected": {
          "title": "அறிவிப்பு",
          "message": "நீங்கள் {{sender}} இன் {{vcLabel}} ஐ நிராகரித்தீர்கள்"
        },
        "disconnected": {
          "title": "துண்டிக்கப்பட்டது",
          "message": "இணைப்பு துண்டிக்கப்பட்டது. மீண்டும் முயற்சிக்கவும்."
        },
        "waitingConnection": "இணைப்பிற்காக காத்திருக்கிறது...",
        "exchangingDeviceInfo": "சாதன தகவல் பரிமாற்றம்...",
        "connected": "சாதனத்துடன் இணைக்கப்பட்டது. {{vcLabel}}க்காகக் காத்திருக்கிறது.."
      }
    },
    "ScanScreen": {
      "header": "QR குறியீட்டை ஸ்கேன் செய்",
      "noShareableVcs": "பகிரக்கூடிய {{vcLabel}} எதுவும் இல்லை.",
      "sharingVc": "பகிர்தல் {{vcLabel}}",
      "errors": {
        "flightMode": {
          "message": "ஸ்கேனிங் செயல்பாட்டிற்கு விமானப் பயன்முறையை முடக்க வேண்டும்",
          "button": "விமானப் பயன்முறையை முடக்கு"
        },
        "locationDisabled": {
          "message": "ஸ்கேனிங் செயல்பாட்டிற்கு இருப்பிடச் சேவைகள் இயக்கப்பட வேண்டும்",
          "button": "இருப்பிட சேவைகளை இயக்கு"
        },
        "locationDenied": {
          "message": "ஸ்கேனிங் செயல்பாட்டிற்கு இருப்பிட அனுமதி தேவை",
          "button": "இருப்பிடம் அணுகலை அனுமதி"
        }
      },
      "status": {
        "connecting": "இணைக்கிறது...",
        "exchangingDeviceInfo": "சாதன தகவல் பரிமாற்றம்...",
        "invalid": "தவறான QR குறியீடு"
      }
    },
    "SelectVcOverlay": {
      "header": "பகிர்வு {{vcLabel}}",
      "chooseVc": "நீங்கள் பகிர விரும்பும் {{vcLabel}} ஐத் தேர்ந்தெடுக்கவும்",
      "cancel": "ரத்துசெய்",
      "share": "பகிர்"
    },
    "SendVcModal": {
      "reasonForSharing": "பகிர்வதற்கான காரணம் (விரும்பினால்)",
      "acceptRequest": "கோரிக்கையை ஏற்று {{vcLabel}} என்பதைத் தேர்ந்தெடுக்கவும்",
      "reject": "நிராகரி",
      "statusSharing": {
        "title": "பகிர்வு..."
      },
      "statusAccepted": {
        "title": "வெற்றி!",
        "message": "உங்கள் {{vcLabel}} வெற்றிகரமாக {{receiver}} உடன் பகிரப்பட்டது"
      },
      "statusRejected": {
        "title": "அறிவிப்பு",
        "message": "உங்கள் {{vcLabel}} ஆனது {{receiver}} ஆல் நிராகரிக்கப்பட்டது"
      }
    },
    "WelcomeScreen": {
      "title": "திறந்த மூல அடையாள தீர்வு",
      "getStarted": "தொடங்கு",
      "unlockApp": "பயன்பாட்டைத் திற"
    },
    "common": {
      "cancel": "ரத்துசெய்",
      "save": "சேமி",
      "editLabel": "திருத்து {{label}}"
    }
  }